Participante,Peliculas_totales,Peliculas_decada
paloma55,,
MarioIglesias,,
jasikedevicius,3797.0,
MabuseCaligari,4810.0,
ezequiel2517,3454.0,
gorkalonso1,1652.0,
Mann_Ohne_Namen,4373.0,
bergmantonioni,1984.0,
Dr_Akkar,2196.0,
figmare,3794.0,
Lobo_Lopez,7339.0,
AnaAvellaneda,5397.0,
diogoserafim,8074.0,
aixa72,4499.0,
MarialeBernedo,1532.0,
A_de_la_Hoz,6196.0,
jjm_24,4598.0,
eljpax,1600.0,
fleming22,2214.0,
HugoRomero,4509.0,
Jarsito,3070.0,
Colmener,5473.0,
utges,3489.0,
Jorgemz,2559.0,
Marcos_M_Rom,862.0,
Borinot,5769.0,
synthemesco,3729.0,
luisru,4204.0,
Pauixitador,2838.0,
will_llermo,6289.0,
ExplodingBoy,2805.0,
manuelsanbai,3521.0,
alonsodvt,5566.0,
xzetaprobe,3076.0,
Mat25,1337.0,
Vareludo,2386.0,
marioquema,2453.0,
FabioVG,2016.0,
pele_alvaro,3453.0,
guillehormigo,4115.0,
heelena9,1555.0,
AlbertoMilano,1552.0,
Paula_Arantzazu,7972.0,
Juanky97,2048.0,
DanielQuinn,8800.0,
Simonsds,4658.0,
RachelMyGod,5349.0,
jal90,7753.0,
Ninotchka,5400.0,
Bracero,7487.0,
genzai_2,5121.0,
migblah,7571.0,
Filmandera,2263.0,
Batty,5182.0,
