Usuario,Following
paloma55,heelena9
paloma55,synthemesco
paloma55,alonsodvt
paloma55,Pauixitador
paloma55,eljpax
paloma55,HugoRomero
paloma55,FabioVG
paloma55,luisru
paloma55,Marcos_M_Rom
paloma55,Vareludo
paloma55,Dr_Akkar
paloma55,AlbertoMilano
paloma55,figmare
paloma55,xzetaprobe
paloma55,jasikedevicius
paloma55,Colmener
paloma55,migblah
paloma55,Juanky97
paloma55,genzai_2
paloma55,diogoserafim
paloma55,gorkalonso1
paloma55,Simonsds
paloma55,aixa72
paloma55,ezequiel2517
paloma55,Jorgemz
paloma55,Jarsito
paloma55,Mann_Ohne_Namen
paloma55,manuelsanbai
paloma55,bergmantonioni
paloma55,Lobo_Lopez
paloma55,utges
paloma55,Ninotchka
paloma55,marioquema
paloma55,MabuseCaligari
paloma55,jjm_24
paloma55,ExplodingBoy
paloma55,DanielQuinn
paloma55,MarioIglesias
paloma55,will_llermo
paloma55,pele_alvaro
paloma55,Borinot
paloma55,Mat25
paloma55,jal90
paloma55,RachelMyGod
paloma55,Filmandera
paloma55,Batty
MarioIglesias,Marcos_M_Rom
MarioIglesias,utges
MarioIglesias,paloma55
MarioIglesias,jjm_24
MarioIglesias,RachelMyGod
MarioIglesias,MabuseCaligari
MarioIglesias,pele_alvaro
MarioIglesias,bergmantonioni
MarioIglesias,jal90
MarioIglesias,will_llermo
MarioIglesias,Lobo_Lopez
MarioIglesias,DanielQuinn
jasikedevicius,jjm_24
jasikedevicius,paloma55
jasikedevicius,jal90
jasikedevicius,ExplodingBoy
jasikedevicius,Ninotchka
jasikedevicius,DanielQuinn
jasikedevicius,RachelMyGod
jasikedevicius,aixa72
MabuseCaligari,Ninotchka
MabuseCaligari,AnaAvellaneda
MabuseCaligari,Batty
MabuseCaligari,manuelsanbai
MabuseCaligari,gorkalonso1
MabuseCaligari,Filmandera
MabuseCaligari,paloma55
MabuseCaligari,pele_alvaro
MabuseCaligari,RachelMyGod
MabuseCaligari,MarioIglesias
MabuseCaligari,migblah
MabuseCaligari,DanielQuinn
MabuseCaligari,jjm_24
MabuseCaligari,jal90
MabuseCaligari,Lobo_Lopez
ezequiel2517,aixa72
ezequiel2517,ExplodingBoy
ezequiel2517,jal90
ezequiel2517,Vareludo
ezequiel2517,A_de_la_Hoz
ezequiel2517,synthemesco
ezequiel2517,utges
ezequiel2517,Ninotchka
ezequiel2517,diogoserafim
ezequiel2517,bergmantonioni
ezequiel2517,Colmener
ezequiel2517,MabuseCaligari
ezequiel2517,MarioIglesias
ezequiel2517,marioquema
ezequiel2517,paloma55
ezequiel2517,RachelMyGod
ezequiel2517,Pauixitador
ezequiel2517,will_llermo
ezequiel2517,jjm_24
ezequiel2517,DanielQuinn
ezequiel2517,Batty
ezequiel2517,pele_alvaro
ezequiel2517,Paula_Arantzazu
ezequiel2517,Lobo_Lopez
ezequiel2517,Filmandera
ezequiel2517,migblah
gorkalonso1,Mat25
gorkalonso1,synthemesco
gorkalonso1,luisru
gorkalonso1,eljpax
gorkalonso1,Ninotchka
gorkalonso1,Bracero
gorkalonso1,utges
gorkalonso1,Mann_Ohne_Namen
gorkalonso1,Juanky97
gorkalonso1,Borinot
gorkalonso1,Lobo_Lopez
gorkalonso1,Marcos_M_Rom
gorkalonso1,xzetaprobe
gorkalonso1,genzai_2
gorkalonso1,will_llermo
gorkalonso1,jal90
gorkalonso1,DanielQuinn
gorkalonso1,Jorgemz
gorkalonso1,Filmandera
gorkalonso1,jjm_24
gorkalonso1,Simonsds
gorkalonso1,paloma55
Mann_Ohne_Namen,gorkalonso1
Mann_Ohne_Namen,genzai_2
Mann_Ohne_Namen,Vareludo
Mann_Ohne_Namen,marioquema
Mann_Ohne_Namen,paloma55
Mann_Ohne_Namen,Batty
Mann_Ohne_Namen,DanielQuinn
Mann_Ohne_Namen,figmare
Mann_Ohne_Namen,Ninotchka
Mann_Ohne_Namen,utges
Mann_Ohne_Namen,pele_alvaro
Mann_Ohne_Namen,jal90
Mann_Ohne_Namen,jjm_24
Mann_Ohne_Namen,RachelMyGod
Mann_Ohne_Namen,fleming22
Mann_Ohne_Namen,will_llermo
Mann_Ohne_Namen,synthemesco
bergmantonioni,marioquema
bergmantonioni,paloma55
bergmantonioni,jjm_24
bergmantonioni,Ninotchka
bergmantonioni,A_de_la_Hoz
bergmantonioni,DanielQuinn
bergmantonioni,Batty
bergmantonioni,migblah
bergmantonioni,RachelMyGod
bergmantonioni,aixa72
bergmantonioni,Lobo_Lopez
bergmantonioni,MarioIglesias
bergmantonioni,will_llermo
bergmantonioni,pele_alvaro
bergmantonioni,synthemesco
Dr_Akkar,paloma55
Dr_Akkar,Ninotchka
Dr_Akkar,marioquema
Dr_Akkar,Batty
Dr_Akkar,migblah
Dr_Akkar,Lobo_Lopez
figmare,Simonsds
figmare,gorkalonso1
figmare,DanielQuinn
figmare,migblah
figmare,Bracero
figmare,Vareludo
figmare,jasikedevicius
figmare,Borinot
figmare,Colmener
figmare,paloma55
figmare,A_de_la_Hoz
figmare,Jarsito
figmare,Paula_Arantzazu
figmare,Filmandera
figmare,MarioIglesias
figmare,Ninotchka
figmare,bergmantonioni
figmare,Mann_Ohne_Namen
figmare,will_llermo
figmare,fleming22
figmare,jal90
figmare,aixa72
figmare,RachelMyGod
figmare,pele_alvaro
figmare,Batty
Lobo_Lopez,jjm_24
Lobo_Lopez,ExplodingBoy
Lobo_Lopez,ezequiel2517
Lobo_Lopez,utges
Lobo_Lopez,jal90
Lobo_Lopez,paloma55
Lobo_Lopez,A_de_la_Hoz
Lobo_Lopez,Ninotchka
Lobo_Lopez,Batty
Lobo_Lopez,diogoserafim
Lobo_Lopez,MabuseCaligari
Lobo_Lopez,MarioIglesias
Lobo_Lopez,DanielQuinn
Lobo_Lopez,RachelMyGod
Lobo_Lopez,migblah
Lobo_Lopez,aixa72
AnaAvellaneda,MabuseCaligari
AnaAvellaneda,manuelsanbai
AnaAvellaneda,paloma55
diogoserafim,ezequiel2517
diogoserafim,Lobo_Lopez
aixa72,luisru
aixa72,jjm_24
aixa72,ezequiel2517
aixa72,paloma55
aixa72,bergmantonioni
aixa72,figmare
aixa72,Ninotchka
aixa72,Batty
aixa72,DanielQuinn
aixa72,jal90
aixa72,migblah
aixa72,fleming22
aixa72,jasikedevicius
aixa72,RachelMyGod
aixa72,Lobo_Lopez
A_de_la_Hoz,Bracero
A_de_la_Hoz,migblah
A_de_la_Hoz,Lobo_Lopez
A_de_la_Hoz,Ninotchka
A_de_la_Hoz,RachelMyGod
A_de_la_Hoz,DanielQuinn
jjm_24,heelena9
jjm_24,luisru
jjm_24,jasikedevicius
jjm_24,Lobo_Lopez
jjm_24,Filmandera
jjm_24,Jorgemz
jjm_24,RachelMyGod
jjm_24,diogoserafim
jjm_24,fleming22
jjm_24,alonsodvt
jjm_24,eljpax
jjm_24,Mat25
jjm_24,HugoRomero
jjm_24,FabioVG
jjm_24,Bracero
jjm_24,Marcos_M_Rom
jjm_24,ezequiel2517
jjm_24,Juanky97
jjm_24,Jarsito
jjm_24,gorkalonso1
jjm_24,aixa72
jjm_24,genzai_2
jjm_24,Borinot
jjm_24,bergmantonioni
jjm_24,MarioIglesias
jjm_24,synthemesco
jjm_24,paloma55
jjm_24,will_llermo
jjm_24,migblah
jjm_24,Ninotchka
jjm_24,jal90
jjm_24,MabuseCaligari
jjm_24,Pauixitador
jjm_24,DanielQuinn
jjm_24,Vareludo
jjm_24,ExplodingBoy
jjm_24,pele_alvaro
jjm_24,Batty
jjm_24,utges
jjm_24,AlbertoMilano
jjm_24,Mann_Ohne_Namen
eljpax,Lobo_Lopez
eljpax,jjm_24
eljpax,gorkalonso1
eljpax,paloma55
eljpax,Marcos_M_Rom
eljpax,will_llermo
eljpax,migblah
eljpax,diogoserafim
eljpax,alonsodvt
fleming22,jjm_24
fleming22,figmare
fleming22,jal90
fleming22,Ninotchka
fleming22,will_llermo
fleming22,aixa72
fleming22,Mann_Ohne_Namen
fleming22,RachelMyGod
HugoRomero,jjm_24
HugoRomero,paloma55
HugoRomero,Batty
HugoRomero,Ninotchka
HugoRomero,DanielQuinn
HugoRomero,Lobo_Lopez
Jarsito,Vareludo
Jarsito,synthemesco
Jarsito,gorkalonso1
Jarsito,Borinot
Jarsito,genzai_2
Jarsito,Marcos_M_Rom
Jarsito,ezequiel2517
Jarsito,figmare
Jarsito,Simonsds
Jarsito,DanielQuinn
Jarsito,bergmantonioni
Jarsito,RachelMyGod
Jarsito,marioquema
Jarsito,paloma55
Jarsito,jal90
Jarsito,MarioIglesias
Jarsito,utges
Jarsito,jjm_24
Jarsito,pele_alvaro
Jarsito,will_llermo
Jarsito,Colmener
Jarsito,Batty
Colmener,paloma55
Colmener,utges
Colmener,ezequiel2517
Colmener,Paula_Arantzazu
Colmener,Bracero
Colmener,DanielQuinn
Colmener,jal90
Colmener,alonsodvt
Colmener,Ninotchka
Colmener,synthemesco
Colmener,pele_alvaro
Colmener,Lobo_Lopez
Colmener,migblah
Colmener,RachelMyGod
Colmener,Jarsito
Colmener,Batty
utges,diogoserafim
utges,Marcos_M_Rom
utges,gorkalonso1
utges,genzai_2
utges,Ninotchka
utges,MarioIglesias
utges,Jarsito
utges,ezequiel2517
utges,synthemesco
utges,marioquema
utges,MabuseCaligari
utges,ExplodingBoy
utges,paloma55
utges,Vareludo
utges,jal90
utges,Pauixitador
utges,Batty
utges,pele_alvaro
utges,Mann_Ohne_Namen
utges,jjm_24
utges,AlbertoMilano
utges,will_llermo
utges,Lobo_Lopez
utges,DanielQuinn
utges,migblah
utges,RachelMyGod
Jorgemz,genzai_2
Jorgemz,gorkalonso1
Jorgemz,migblah
Jorgemz,Simonsds
Jorgemz,marioquema
Jorgemz,Ninotchka
Jorgemz,jjm_24
Jorgemz,DanielQuinn
Jorgemz,Batty
Jorgemz,will_llermo
Jorgemz,paloma55
Marcos_M_Rom,heelena9
Marcos_M_Rom,diogoserafim
Marcos_M_Rom,DanielQuinn
Marcos_M_Rom,utges
Marcos_M_Rom,MarioIglesias
Marcos_M_Rom,Lobo_Lopez
Marcos_M_Rom,will_llermo
Marcos_M_Rom,Bracero
Marcos_M_Rom,eljpax
Marcos_M_Rom,Jarsito
Marcos_M_Rom,Borinot
Marcos_M_Rom,Vareludo
Marcos_M_Rom,migblah
Marcos_M_Rom,gorkalonso1
Marcos_M_Rom,alonsodvt
Marcos_M_Rom,genzai_2
Marcos_M_Rom,FabioVG
Marcos_M_Rom,xzetaprobe
Marcos_M_Rom,jjm_24
Marcos_M_Rom,paloma55
Marcos_M_Rom,Juanky97
Marcos_M_Rom,Paula_Arantzazu
Marcos_M_Rom,jal90
Borinot,gorkalonso1
Borinot,Vareludo
Borinot,Bracero
Borinot,MabuseCaligari
Borinot,Batty
Borinot,genzai_2
Borinot,will_llermo
Borinot,Lobo_Lopez
Borinot,Filmandera
Borinot,DanielQuinn
Borinot,Simonsds
Borinot,jjm_24
Borinot,paloma55
Borinot,jal90
synthemesco,gorkalonso1
synthemesco,paloma55
synthemesco,utges
synthemesco,jjm_24
synthemesco,DanielQuinn
synthemesco,bergmantonioni
synthemesco,pele_alvaro
synthemesco,Ninotchka
synthemesco,Mann_Ohne_Namen
luisru,alonsodvt
luisru,gorkalonso1
luisru,genzai_2
luisru,aixa72
luisru,pele_alvaro
luisru,A_de_la_Hoz
luisru,RachelMyGod
luisru,Bracero
luisru,jjm_24
luisru,paloma55
luisru,DanielQuinn
Pauixitador,paloma55
Pauixitador,xzetaprobe
Pauixitador,Batty
Pauixitador,Vareludo
Pauixitador,jal90
Pauixitador,synthemesco
Pauixitador,Ninotchka
Pauixitador,ExplodingBoy
Pauixitador,pele_alvaro
Pauixitador,utges
Pauixitador,jjm_24
Pauixitador,migblah
Pauixitador,Lobo_Lopez
Pauixitador,RachelMyGod
Pauixitador,DanielQuinn
Pauixitador,will_llermo
will_llermo,Juanky97
will_llermo,Marcos_M_Rom
will_llermo,Jarsito
will_llermo,genzai_2
will_llermo,Batty
will_llermo,ezequiel2517
will_llermo,alonsodvt
will_llermo,utges
will_llermo,paloma55
will_llermo,jjm_24
will_llermo,pele_alvaro
will_llermo,Pauixitador
will_llermo,marioquema
will_llermo,DanielQuinn
will_llermo,Ninotchka
will_llermo,Vareludo
will_llermo,RachelMyGod
will_llermo,MarioIglesias
will_llermo,Lobo_Lopez
will_llermo,migblah
will_llermo,Mann_Ohne_Namen
ExplodingBoy,bergmantonioni
ExplodingBoy,Simonsds
ExplodingBoy,ezequiel2517
ExplodingBoy,Lobo_Lopez
ExplodingBoy,utges
ExplodingBoy,Paula_Arantzazu
ExplodingBoy,paloma55
ExplodingBoy,jal90
ExplodingBoy,Pauixitador
ExplodingBoy,diogoserafim
ExplodingBoy,Batty
ExplodingBoy,pele_alvaro
ExplodingBoy,jjm_24
ExplodingBoy,jasikedevicius
ExplodingBoy,DanielQuinn
ExplodingBoy,RachelMyGod
ExplodingBoy,Ninotchka
manuelsanbai,MabuseCaligari
manuelsanbai,Lobo_Lopez
manuelsanbai,paloma55
alonsodvt,Marcos_M_Rom
alonsodvt,Batty
alonsodvt,DanielQuinn
alonsodvt,jjm_24
alonsodvt,marioquema
alonsodvt,Ninotchka
alonsodvt,paloma55
alonsodvt,pele_alvaro
alonsodvt,xzetaprobe
alonsodvt,genzai_2
alonsodvt,will_llermo
alonsodvt,Mat25
alonsodvt,Lobo_Lopez
alonsodvt,migblah
xzetaprobe,Pauixitador
xzetaprobe,alonsodvt
xzetaprobe,jal90
xzetaprobe,Marcos_M_Rom
xzetaprobe,gorkalonso1
xzetaprobe,Batty
xzetaprobe,genzai_2
xzetaprobe,paloma55
Mat25,jjm_24
Mat25,paloma55
Mat25,Lobo_Lopez
Mat25,alonsodvt
Vareludo,Jarsito
Vareludo,genzai_2
Vareludo,paloma55
Vareludo,DanielQuinn
Vareludo,Batty
Vareludo,Mann_Ohne_Namen
Vareludo,Ninotchka
Vareludo,RachelMyGod
Vareludo,utges
Vareludo,Pauixitador
Vareludo,jal90
Vareludo,jjm_24
Vareludo,pele_alvaro
Vareludo,migblah
Vareludo,will_llermo
marioquema,Jarsito
marioquema,pele_alvaro
marioquema,Simonsds
marioquema,Mann_Ohne_Namen
marioquema,paloma55
marioquema,bergmantonioni
marioquema,will_llermo
marioquema,migblah
FabioVG,paloma55
FabioVG,jjm_24
FabioVG,Marcos_M_Rom
pele_alvaro,alonsodvt
pele_alvaro,ezequiel2517
pele_alvaro,genzai_2
pele_alvaro,Paula_Arantzazu
pele_alvaro,paloma55
pele_alvaro,MabuseCaligari
pele_alvaro,marioquema
pele_alvaro,MarioIglesias
pele_alvaro,bergmantonioni
pele_alvaro,Jarsito
pele_alvaro,Pauixitador
pele_alvaro,utges
pele_alvaro,ExplodingBoy
pele_alvaro,jjm_24
pele_alvaro,Vareludo
pele_alvaro,Ninotchka
pele_alvaro,synthemesco
pele_alvaro,Mann_Ohne_Namen
pele_alvaro,RachelMyGod
pele_alvaro,will_llermo
pele_alvaro,Batty
pele_alvaro,Lobo_Lopez
pele_alvaro,migblah
pele_alvaro,Colmener
pele_alvaro,DanielQuinn
heelena9,will_llermo
heelena9,Marcos_M_Rom
heelena9,jjm_24
heelena9,paloma55
heelena9,genzai_2
heelena9,Juanky97
AlbertoMilano,paloma55
AlbertoMilano,jjm_24
Paula_Arantzazu,Filmandera
Paula_Arantzazu,pele_alvaro
Paula_Arantzazu,Colmener
Paula_Arantzazu,ExplodingBoy
Paula_Arantzazu,jal90
Paula_Arantzazu,ezequiel2517
Juanky97,jal90
Juanky97,jasikedevicius
Juanky97,MarioIglesias
Juanky97,ezequiel2517
Juanky97,gorkalonso1
Juanky97,will_llermo
Juanky97,Marcos_M_Rom
Juanky97,aixa72
Juanky97,Paula_Arantzazu
Juanky97,marioquema
Juanky97,jjm_24
Juanky97,DanielQuinn
Juanky97,Batty
Juanky97,paloma55
Juanky97,genzai_2
Juanky97,migblah
Juanky97,heelena9
DanielQuinn,Marcos_M_Rom
DanielQuinn,luisru
DanielQuinn,genzai_2
DanielQuinn,ezequiel2517
DanielQuinn,jal90
DanielQuinn,Jarsito
DanielQuinn,Simonsds
DanielQuinn,Batty
DanielQuinn,utges
DanielQuinn,synthemesco
DanielQuinn,paloma55
DanielQuinn,ExplodingBoy
DanielQuinn,Mann_Ohne_Namen
DanielQuinn,jjm_24
DanielQuinn,MabuseCaligari
DanielQuinn,will_llermo
DanielQuinn,pele_alvaro
DanielQuinn,A_de_la_Hoz
DanielQuinn,Ninotchka
DanielQuinn,bergmantonioni
DanielQuinn,MarioIglesias
DanielQuinn,jasikedevicius
DanielQuinn,aixa72
DanielQuinn,Lobo_Lopez
DanielQuinn,RachelMyGod
DanielQuinn,migblah
Simonsds,diogoserafim
Simonsds,Lobo_Lopez
Simonsds,Dr_Akkar
Simonsds,AlbertoMilano
Simonsds,Juanky97
Simonsds,jasikedevicius
Simonsds,ExplodingBoy
Simonsds,ezequiel2517
Simonsds,genzai_2
Simonsds,gorkalonso1
Simonsds,A_de_la_Hoz
Simonsds,Borinot
Simonsds,RachelMyGod
Simonsds,figmare
Simonsds,MabuseCaligari
Simonsds,bergmantonioni
Simonsds,aixa72
Simonsds,MarioIglesias
Simonsds,paloma55
Simonsds,Mann_Ohne_Namen
Simonsds,fleming22
Simonsds,Jarsito
Simonsds,jal90
Simonsds,Jorgemz
Simonsds,utges
Simonsds,will_llermo
Simonsds,manuelsanbai
Simonsds,jjm_24
Simonsds,Filmandera
Simonsds,Batty
Simonsds,Ninotchka
Simonsds,DanielQuinn
Simonsds,marioquema
Simonsds,migblah
RachelMyGod,jjm_24
RachelMyGod,Jarsito
RachelMyGod,ezequiel2517
RachelMyGod,Batty
RachelMyGod,MarioIglesias
RachelMyGod,paloma55
RachelMyGod,A_de_la_Hoz
RachelMyGod,MabuseCaligari
RachelMyGod,pele_alvaro
RachelMyGod,figmare
RachelMyGod,bergmantonioni
RachelMyGod,ExplodingBoy
RachelMyGod,will_llermo
RachelMyGod,DanielQuinn
RachelMyGod,jal90
RachelMyGod,Colmener
RachelMyGod,jasikedevicius
RachelMyGod,fleming22
RachelMyGod,Lobo_Lopez
RachelMyGod,Ninotchka
RachelMyGod,migblah
RachelMyGod,aixa72
jal90,Juanky97
jal90,xzetaprobe
jal90,Bracero
jal90,Marcos_M_Rom
jal90,gorkalonso1
jal90,genzai_2
jal90,Simonsds
jal90,AlbertoMilano
jal90,Jarsito
jal90,Paula_Arantzazu
jal90,ezequiel2517
jal90,A_de_la_Hoz
jal90,Borinot
jal90,paloma55
jal90,Filmandera
jal90,Pauixitador
jal90,utges
jal90,Vareludo
jal90,ExplodingBoy
jal90,marioquema
jal90,bergmantonioni
jal90,Colmener
jal90,figmare
jal90,jjm_24
jal90,diogoserafim
jal90,pele_alvaro
jal90,MabuseCaligari
jal90,jasikedevicius
jal90,Mann_Ohne_Namen
jal90,MarioIglesias
jal90,DanielQuinn
jal90,Lobo_Lopez
jal90,synthemesco
jal90,fleming22
jal90,Batty
jal90,RachelMyGod
jal90,will_llermo
jal90,aixa72
jal90,Ninotchka
jal90,migblah
Ninotchka,alonsodvt
Ninotchka,MabuseCaligari
Ninotchka,Mat25
Ninotchka,gorkalonso1
Ninotchka,genzai_2
Ninotchka,ezequiel2517
Ninotchka,utges
Ninotchka,bergmantonioni
Ninotchka,Bracero
Ninotchka,paloma55
Ninotchka,Vareludo
Ninotchka,Pauixitador
Ninotchka,jjm_24
Ninotchka,Mann_Ohne_Namen
Ninotchka,Batty
Ninotchka,diogoserafim
Ninotchka,will_llermo
Ninotchka,MarioIglesias
Ninotchka,pele_alvaro
Ninotchka,DanielQuinn
Ninotchka,synthemesco
Ninotchka,ExplodingBoy
Ninotchka,aixa72
Ninotchka,migblah
Ninotchka,jasikedevicius
Ninotchka,jal90
Ninotchka,Lobo_Lopez
Ninotchka,fleming22
Ninotchka,RachelMyGod
Bracero,jal90
Bracero,Filmandera
Bracero,genzai_2
Bracero,jjm_24
Bracero,Lobo_Lopez
Bracero,A_de_la_Hoz
Bracero,Ninotchka
genzai_2,Lobo_Lopez
genzai_2,Vareludo
genzai_2,luisru
genzai_2,alonsodvt
genzai_2,Bracero
genzai_2,ezequiel2517
genzai_2,Marcos_M_Rom
genzai_2,diogoserafim
genzai_2,will_llermo
genzai_2,RachelMyGod
genzai_2,gorkalonso1
genzai_2,jal90
genzai_2,pele_alvaro
genzai_2,migblah
genzai_2,MarioIglesias
genzai_2,utges
genzai_2,jjm_24
genzai_2,marioquema
genzai_2,Ninotchka
genzai_2,paloma55
genzai_2,Batty
genzai_2,Simonsds
genzai_2,heelena9
genzai_2,Juanky97
migblah,ezequiel2517
migblah,DanielQuinn
migblah,RachelMyGod
migblah,Lobo_Lopez
Filmandera,jjm_24
Filmandera,RachelMyGod
Filmandera,Paula_Arantzazu
Filmandera,Bracero
Filmandera,pele_alvaro
Filmandera,gorkalonso1
Filmandera,Borinot
Filmandera,jal90
Filmandera,paloma55
Filmandera,ezequiel2517
Batty,jasikedevicius
Batty,genzai_2
Batty,Pauixitador
Batty,xzetaprobe
Batty,Vareludo
Batty,Mann_Ohne_Namen
Batty,bergmantonioni
Batty,paloma55
Batty,Ninotchka
Batty,utges
Batty,RachelMyGod
Batty,ExplodingBoy
Batty,pele_alvaro
Batty,will_llermo
Batty,jjm_24
Batty,DanielQuinn
Batty,diogoserafim
Batty,migblah
Batty,aixa72
Batty,jal90
Batty,Lobo_Lopez
Batty,Colmener
Batty,Jarsito
