Usuario,Follower
paloma55,heelena9
paloma55,MarialeBernedo
paloma55,synthemesco
paloma55,alonsodvt
paloma55,Pauixitador
paloma55,eljpax
paloma55,AnaAvellaneda
paloma55,HugoRomero
paloma55,FabioVG
paloma55,luisru
paloma55,Marcos_M_Rom
paloma55,Vareludo
paloma55,manuelsanbai
paloma55,Dr_Akkar
paloma55,AlbertoMilano
paloma55,figmare
paloma55,xzetaprobe
paloma55,jasikedevicius
paloma55,Juanky97
paloma55,genzai_2
paloma55,aixa72
paloma55,gorkalonso1
paloma55,guillehormigo
paloma55,Simonsds
paloma55,Colmener
paloma55,will_llermo
paloma55,Jorgemz
paloma55,Jarsito
paloma55,Mat25
paloma55,pele_alvaro
paloma55,MabuseCaligari
paloma55,Mann_Ohne_Namen
paloma55,MarioIglesias
paloma55,marioquema
paloma55,bergmantonioni
paloma55,Lobo_Lopez
paloma55,utges
paloma55,ezequiel2517
paloma55,Ninotchka
paloma55,jjm_24
paloma55,DanielQuinn
paloma55,ExplodingBoy
paloma55,RachelMyGod
paloma55,Borinot
paloma55,jal90
paloma55,Batty
paloma55,Filmandera
MarioIglesias,Juanky97
MarioIglesias,Marcos_M_Rom
MarioIglesias,figmare
MarioIglesias,genzai_2
MarioIglesias,Simonsds
MarioIglesias,utges
MarioIglesias,Jarsito
MarioIglesias,jjm_24
MarioIglesias,ezequiel2517
MarioIglesias,paloma55
MarioIglesias,RachelMyGod
MarioIglesias,MabuseCaligari
MarioIglesias,pele_alvaro
MarioIglesias,bergmantonioni
MarioIglesias,Ninotchka
MarioIglesias,guillehormigo
MarioIglesias,jal90
MarioIglesias,will_llermo
MarioIglesias,DanielQuinn
MarioIglesias,Lobo_Lopez
jasikedevicius,jjm_24
jasikedevicius,Juanky97
jasikedevicius,Batty
jasikedevicius,Simonsds
jasikedevicius,figmare
jasikedevicius,paloma55
jasikedevicius,jal90
jasikedevicius,ExplodingBoy
jasikedevicius,Ninotchka
jasikedevicius,DanielQuinn
jasikedevicius,RachelMyGod
jasikedevicius,aixa72
MabuseCaligari,Ninotchka
MabuseCaligari,AnaAvellaneda
MabuseCaligari,manuelsanbai
MabuseCaligari,Borinot
MabuseCaligari,Simonsds
MabuseCaligari,utges
MabuseCaligari,ezequiel2517
MabuseCaligari,pele_alvaro
MabuseCaligari,paloma55
MabuseCaligari,RachelMyGod
MabuseCaligari,MarioIglesias
MabuseCaligari,DanielQuinn
MabuseCaligari,jjm_24
MabuseCaligari,jal90
MabuseCaligari,Lobo_Lopez
ezequiel2517,Juanky97
ezequiel2517,genzai_2
ezequiel2517,Jarsito
ezequiel2517,jjm_24
ezequiel2517,will_llermo
ezequiel2517,pele_alvaro
ezequiel2517,guillehormigo
ezequiel2517,DanielQuinn
ezequiel2517,migblah
ezequiel2517,aixa72
ezequiel2517,Simonsds
ezequiel2517,ExplodingBoy
ezequiel2517,diogoserafim
ezequiel2517,RachelMyGod
ezequiel2517,Ninotchka
ezequiel2517,paloma55
ezequiel2517,Lobo_Lopez
ezequiel2517,utges
ezequiel2517,Colmener
ezequiel2517,jal90
ezequiel2517,Paula_Arantzazu
ezequiel2517,Filmandera
gorkalonso1,synthemesco
gorkalonso1,eljpax
gorkalonso1,Jarsito
gorkalonso1,Ninotchka
gorkalonso1,utges
gorkalonso1,Mann_Ohne_Namen
gorkalonso1,luisru
gorkalonso1,Juanky97
gorkalonso1,Borinot
gorkalonso1,Marcos_M_Rom
gorkalonso1,figmare
gorkalonso1,MabuseCaligari
gorkalonso1,xzetaprobe
gorkalonso1,genzai_2
gorkalonso1,jal90
gorkalonso1,Jorgemz
gorkalonso1,Filmandera
gorkalonso1,jjm_24
gorkalonso1,Simonsds
gorkalonso1,paloma55
Mann_Ohne_Namen,gorkalonso1
Mann_Ohne_Namen,Simonsds
Mann_Ohne_Namen,Vareludo
Mann_Ohne_Namen,paloma55
Mann_Ohne_Namen,Batty
Mann_Ohne_Namen,marioquema
Mann_Ohne_Namen,DanielQuinn
Mann_Ohne_Namen,figmare
Mann_Ohne_Namen,Ninotchka
Mann_Ohne_Namen,utges
Mann_Ohne_Namen,guillehormigo
Mann_Ohne_Namen,pele_alvaro
Mann_Ohne_Namen,jal90
Mann_Ohne_Namen,jjm_24
Mann_Ohne_Namen,fleming22
Mann_Ohne_Namen,will_llermo
Mann_Ohne_Namen,synthemesco
bergmantonioni,ExplodingBoy
bergmantonioni,figmare
bergmantonioni,Simonsds
bergmantonioni,Jarsito
bergmantonioni,marioquema
bergmantonioni,paloma55
bergmantonioni,Ninotchka
bergmantonioni,jjm_24
bergmantonioni,ezequiel2517
bergmantonioni,aixa72
bergmantonioni,Batty
bergmantonioni,jal90
bergmantonioni,RachelMyGod
bergmantonioni,MarioIglesias
bergmantonioni,pele_alvaro
bergmantonioni,synthemesco
bergmantonioni,DanielQuinn
Dr_Akkar,Simonsds
Dr_Akkar,paloma55
figmare,Jarsito
figmare,paloma55
figmare,Simonsds
figmare,fleming22
figmare,aixa72
figmare,jal90
figmare,RachelMyGod
figmare,Mann_Ohne_Namen
Lobo_Lopez,MarialeBernedo
Lobo_Lopez,Simonsds
Lobo_Lopez,eljpax
Lobo_Lopez,jjm_24
Lobo_Lopez,genzai_2
Lobo_Lopez,Marcos_M_Rom
Lobo_Lopez,manuelsanbai
Lobo_Lopez,gorkalonso1
Lobo_Lopez,Bracero
Lobo_Lopez,Borinot
Lobo_Lopez,ExplodingBoy
Lobo_Lopez,paloma55
Lobo_Lopez,HugoRomero
Lobo_Lopez,bergmantonioni
Lobo_Lopez,ezequiel2517
Lobo_Lopez,Mat25
Lobo_Lopez,alonsodvt
Lobo_Lopez,Pauixitador
Lobo_Lopez,diogoserafim
Lobo_Lopez,MabuseCaligari
Lobo_Lopez,guillehormigo
Lobo_Lopez,pele_alvaro
Lobo_Lopez,Colmener
Lobo_Lopez,A_de_la_Hoz
Lobo_Lopez,Dr_Akkar
Lobo_Lopez,utges
Lobo_Lopez,MarioIglesias
Lobo_Lopez,DanielQuinn
Lobo_Lopez,jal90
Lobo_Lopez,Batty
Lobo_Lopez,will_llermo
Lobo_Lopez,Ninotchka
Lobo_Lopez,RachelMyGod
Lobo_Lopez,migblah
Lobo_Lopez,aixa72
AnaAvellaneda,MabuseCaligari
diogoserafim,Marcos_M_Rom
diogoserafim,Simonsds
diogoserafim,utges
diogoserafim,jjm_24
diogoserafim,eljpax
diogoserafim,genzai_2
diogoserafim,paloma55
diogoserafim,ezequiel2517
diogoserafim,jal90
aixa72,luisru
aixa72,Juanky97
aixa72,ezequiel2517
aixa72,jjm_24
aixa72,Simonsds
aixa72,paloma55
aixa72,figmare
aixa72,bergmantonioni
aixa72,Ninotchka
aixa72,Batty
aixa72,DanielQuinn
aixa72,jal90
aixa72,fleming22
aixa72,jasikedevicius
aixa72,RachelMyGod
aixa72,Lobo_Lopez
MarialeBernedo,jjm_24
MarialeBernedo,Simonsds
MarialeBernedo,paloma55
MarialeBernedo,alonsodvt
A_de_la_Hoz,luisru
A_de_la_Hoz,Bracero
A_de_la_Hoz,figmare
A_de_la_Hoz,Simonsds
A_de_la_Hoz,ezequiel2517
A_de_la_Hoz,jal90
A_de_la_Hoz,bergmantonioni
A_de_la_Hoz,RachelMyGod
A_de_la_Hoz,Lobo_Lopez
A_de_la_Hoz,DanielQuinn
jjm_24,heelena9
jjm_24,MarialeBernedo
jjm_24,jasikedevicius
jjm_24,Lobo_Lopez
jjm_24,Filmandera
jjm_24,RachelMyGod
jjm_24,fleming22
jjm_24,Mat25
jjm_24,alonsodvt
jjm_24,eljpax
jjm_24,HugoRomero
jjm_24,FabioVG
jjm_24,luisru
jjm_24,Bracero
jjm_24,Marcos_M_Rom
jjm_24,Juanky97
jjm_24,gorkalonso1
jjm_24,aixa72
jjm_24,genzai_2
jjm_24,Simonsds
jjm_24,guillehormigo
jjm_24,Jorgemz
jjm_24,Jarsito
jjm_24,Borinot
jjm_24,bergmantonioni
jjm_24,MarioIglesias
jjm_24,synthemesco
jjm_24,will_llermo
jjm_24,paloma55
jjm_24,ezequiel2517
jjm_24,DanielQuinn
jjm_24,Ninotchka
jjm_24,jal90
jjm_24,MabuseCaligari
jjm_24,Pauixitador
jjm_24,Vareludo
jjm_24,ExplodingBoy
jjm_24,pele_alvaro
jjm_24,Batty
jjm_24,utges
jjm_24,AlbertoMilano
jjm_24,Mann_Ohne_Namen
eljpax,jjm_24
eljpax,gorkalonso1
eljpax,paloma55
eljpax,Marcos_M_Rom
fleming22,jjm_24
fleming22,Simonsds
fleming22,figmare
fleming22,jal90
fleming22,Ninotchka
fleming22,RachelMyGod
fleming22,Mann_Ohne_Namen
fleming22,aixa72
HugoRomero,jjm_24
HugoRomero,paloma55
Jarsito,Vareludo
Jarsito,guillehormigo
Jarsito,will_llermo
Jarsito,RachelMyGod
Jarsito,Marcos_M_Rom
Jarsito,jjm_24
Jarsito,figmare
Jarsito,Simonsds
Jarsito,DanielQuinn
Jarsito,marioquema
Jarsito,paloma55
Jarsito,jal90
Jarsito,utges
Jarsito,pele_alvaro
Jarsito,Colmener
Jarsito,Batty
Colmener,figmare
Colmener,paloma55
Colmener,Paula_Arantzazu
Colmener,ezequiel2517
Colmener,jal90
Colmener,pele_alvaro
Colmener,RachelMyGod
Colmener,Batty
Colmener,Jarsito
utges,Marcos_M_Rom
utges,gorkalonso1
utges,guillehormigo
utges,genzai_2
utges,Simonsds
utges,will_llermo
utges,Ninotchka
utges,Colmener
utges,Lobo_Lopez
utges,MarioIglesias
utges,Jarsito
utges,ezequiel2517
utges,synthemesco
utges,DanielQuinn
utges,ExplodingBoy
utges,paloma55
utges,Vareludo
utges,jal90
utges,Pauixitador
utges,Batty
utges,pele_alvaro
utges,Mann_Ohne_Namen
utges,jjm_24
Jorgemz,jjm_24
Jorgemz,gorkalonso1
Jorgemz,Simonsds
Jorgemz,paloma55
Marcos_M_Rom,heelena9
Marcos_M_Rom,MarialeBernedo
Marcos_M_Rom,DanielQuinn
Marcos_M_Rom,alonsodvt
Marcos_M_Rom,MarioIglesias
Marcos_M_Rom,will_llermo
Marcos_M_Rom,utges
Marcos_M_Rom,guillehormigo
Marcos_M_Rom,eljpax
Marcos_M_Rom,Jarsito
Marcos_M_Rom,genzai_2
Marcos_M_Rom,jjm_24
Marcos_M_Rom,gorkalonso1
Marcos_M_Rom,paloma55
Marcos_M_Rom,jal90
Marcos_M_Rom,FabioVG
Marcos_M_Rom,xzetaprobe
Marcos_M_Rom,Juanky97
Borinot,Jarsito
Borinot,gorkalonso1
Borinot,Marcos_M_Rom
Borinot,figmare
Borinot,Filmandera
Borinot,Simonsds
Borinot,jjm_24
Borinot,paloma55
Borinot,jal90
synthemesco,paloma55
synthemesco,gorkalonso1
synthemesco,Jarsito
synthemesco,ezequiel2517
synthemesco,utges
synthemesco,jjm_24
synthemesco,DanielQuinn
synthemesco,bergmantonioni
synthemesco,Pauixitador
synthemesco,Colmener
synthemesco,pele_alvaro
synthemesco,Ninotchka
synthemesco,jal90
synthemesco,Mann_Ohne_Namen
luisru,jjm_24
luisru,gorkalonso1
luisru,genzai_2
luisru,aixa72
luisru,paloma55
luisru,DanielQuinn
Pauixitador,paloma55
Pauixitador,xzetaprobe
Pauixitador,Batty
Pauixitador,ezequiel2517
Pauixitador,Vareludo
Pauixitador,jal90
Pauixitador,Ninotchka
Pauixitador,ExplodingBoy
Pauixitador,pele_alvaro
Pauixitador,utges
Pauixitador,jjm_24
Pauixitador,will_llermo
will_llermo,heelena9
will_llermo,MarialeBernedo
will_llermo,Marcos_M_Rom
will_llermo,eljpax
will_llermo,Juanky97
will_llermo,genzai_2
will_llermo,gorkalonso1
will_llermo,Borinot
will_llermo,alonsodvt
will_llermo,Simonsds
will_llermo,Jorgemz
will_llermo,jjm_24
will_llermo,paloma55
will_llermo,ezequiel2517
will_llermo,figmare
will_llermo,bergmantonioni
will_llermo,Jarsito
will_llermo,Pauixitador
will_llermo,DanielQuinn
will_llermo,marioquema
will_llermo,Ninotchka
will_llermo,Batty
will_llermo,Vareludo
will_llermo,utges
will_llermo,pele_alvaro
will_llermo,guillehormigo
will_llermo,RachelMyGod
will_llermo,MarioIglesias
will_llermo,jal90
will_llermo,fleming22
will_llermo,Mann_Ohne_Namen
ExplodingBoy,Simonsds
ExplodingBoy,ezequiel2517
ExplodingBoy,Lobo_Lopez
ExplodingBoy,Paula_Arantzazu
ExplodingBoy,utges
ExplodingBoy,paloma55
ExplodingBoy,DanielQuinn
ExplodingBoy,jal90
ExplodingBoy,Pauixitador
ExplodingBoy,Batty
ExplodingBoy,pele_alvaro
ExplodingBoy,jjm_24
ExplodingBoy,Ninotchka
ExplodingBoy,jasikedevicius
ExplodingBoy,RachelMyGod
manuelsanbai,AnaAvellaneda
manuelsanbai,MabuseCaligari
manuelsanbai,Simonsds
manuelsanbai,paloma55
alonsodvt,luisru
alonsodvt,Ninotchka
alonsodvt,jjm_24
alonsodvt,paloma55
alonsodvt,pele_alvaro
alonsodvt,xzetaprobe
alonsodvt,genzai_2
alonsodvt,eljpax
alonsodvt,Marcos_M_Rom
alonsodvt,guillehormigo
alonsodvt,will_llermo
alonsodvt,Colmener
alonsodvt,Mat25
alonsodvt,MarialeBernedo
xzetaprobe,Pauixitador
xzetaprobe,alonsodvt
xzetaprobe,jal90
xzetaprobe,Marcos_M_Rom
xzetaprobe,gorkalonso1
xzetaprobe,Batty
xzetaprobe,paloma55
Mat25,gorkalonso1
Mat25,jjm_24
Mat25,Ninotchka
Mat25,paloma55
Mat25,alonsodvt
Vareludo,Jarsito
Vareludo,genzai_2
Vareludo,Marcos_M_Rom
Vareludo,Borinot
Vareludo,paloma55
Vareludo,figmare
Vareludo,Batty
Vareludo,Mann_Ohne_Namen
Vareludo,ezequiel2517
Vareludo,Ninotchka
Vareludo,utges
Vareludo,Pauixitador
Vareludo,jal90
Vareludo,jjm_24
Vareludo,guillehormigo
Vareludo,pele_alvaro
Vareludo,will_llermo
marioquema,alonsodvt
marioquema,Juanky97
marioquema,Dr_Akkar
marioquema,genzai_2
marioquema,bergmantonioni
marioquema,Jarsito
marioquema,Mann_Ohne_Namen
marioquema,Jorgemz
marioquema,utges
marioquema,paloma55
marioquema,pele_alvaro
marioquema,ezequiel2517
marioquema,Simonsds
marioquema,jal90
marioquema,guillehormigo
marioquema,will_llermo
FabioVG,paloma55
FabioVG,jjm_24
FabioVG,Marcos_M_Rom
pele_alvaro,alonsodvt
pele_alvaro,luisru
pele_alvaro,genzai_2
pele_alvaro,Paula_Arantzazu
pele_alvaro,Filmandera
pele_alvaro,Jarsito
pele_alvaro,marioquema
pele_alvaro,MabuseCaligari
pele_alvaro,paloma55
pele_alvaro,ezequiel2517
pele_alvaro,RachelMyGod
pele_alvaro,figmare
pele_alvaro,MarioIglesias
pele_alvaro,bergmantonioni
pele_alvaro,will_llermo
pele_alvaro,synthemesco
pele_alvaro,Pauixitador
pele_alvaro,jal90
pele_alvaro,utges
pele_alvaro,ExplodingBoy
pele_alvaro,Batty
pele_alvaro,jjm_24
pele_alvaro,guillehormigo
pele_alvaro,Vareludo
pele_alvaro,Ninotchka
pele_alvaro,Mann_Ohne_Namen
pele_alvaro,Colmener
pele_alvaro,DanielQuinn
guillehormigo,Marcos_M_Rom
guillehormigo,Lobo_Lopez
guillehormigo,Jarsito
guillehormigo,eljpax
guillehormigo,genzai_2
guillehormigo,alonsodvt
guillehormigo,figmare
guillehormigo,utges
guillehormigo,will_llermo
guillehormigo,Jorgemz
guillehormigo,Batty
guillehormigo,jjm_24
guillehormigo,Ninotchka
guillehormigo,ezequiel2517
heelena9,jjm_24
heelena9,paloma55
heelena9,Marcos_M_Rom
heelena9,genzai_2
heelena9,Juanky97
AlbertoMilano,Simonsds
AlbertoMilano,paloma55
AlbertoMilano,jal90
AlbertoMilano,utges
AlbertoMilano,jjm_24
Paula_Arantzazu,Filmandera
Paula_Arantzazu,Marcos_M_Rom
Paula_Arantzazu,Juanky97
Paula_Arantzazu,figmare
Paula_Arantzazu,pele_alvaro
Paula_Arantzazu,Colmener
Paula_Arantzazu,ExplodingBoy
Paula_Arantzazu,jal90
Paula_Arantzazu,ezequiel2517
Juanky97,jal90
Juanky97,will_llermo
Juanky97,Simonsds
Juanky97,gorkalonso1
Juanky97,Marcos_M_Rom
Juanky97,jjm_24
Juanky97,paloma55
Juanky97,genzai_2
Juanky97,heelena9
DanielQuinn,MarialeBernedo
DanielQuinn,Marcos_M_Rom
DanielQuinn,alonsodvt
DanielQuinn,luisru
DanielQuinn,Juanky97
DanielQuinn,Vareludo
DanielQuinn,figmare
DanielQuinn,gorkalonso1
DanielQuinn,HugoRomero
DanielQuinn,Borinot
DanielQuinn,Jarsito
DanielQuinn,Jorgemz
DanielQuinn,Simonsds
DanielQuinn,synthemesco
DanielQuinn,paloma55
DanielQuinn,bergmantonioni
DanielQuinn,Colmener
DanielQuinn,ezequiel2517
DanielQuinn,Mann_Ohne_Namen
DanielQuinn,MabuseCaligari
DanielQuinn,Pauixitador
DanielQuinn,will_llermo
DanielQuinn,jjm_24
DanielQuinn,Batty
DanielQuinn,guillehormigo
DanielQuinn,A_de_la_Hoz
DanielQuinn,Ninotchka
DanielQuinn,utges
DanielQuinn,ExplodingBoy
DanielQuinn,RachelMyGod
DanielQuinn,jal90
DanielQuinn,pele_alvaro
DanielQuinn,MarioIglesias
DanielQuinn,Lobo_Lopez
DanielQuinn,migblah
DanielQuinn,aixa72
DanielQuinn,jasikedevicius
Simonsds,figmare
Simonsds,ExplodingBoy
Simonsds,genzai_2
Simonsds,Borinot
Simonsds,gorkalonso1
Simonsds,Jarsito
Simonsds,paloma55
Simonsds,Jorgemz
Simonsds,jal90
Simonsds,marioquema
Simonsds,DanielQuinn
Simonsds,guillehormigo
RachelMyGod,jjm_24
RachelMyGod,luisru
RachelMyGod,Filmandera
RachelMyGod,genzai_2
RachelMyGod,Simonsds
RachelMyGod,Jarsito
RachelMyGod,ezequiel2517
RachelMyGod,Vareludo
RachelMyGod,MarioIglesias
RachelMyGod,MabuseCaligari
RachelMyGod,paloma55
RachelMyGod,figmare
RachelMyGod,bergmantonioni
RachelMyGod,Pauixitador
RachelMyGod,Batty
RachelMyGod,pele_alvaro
RachelMyGod,A_de_la_Hoz
RachelMyGod,Mann_Ohne_Namen
RachelMyGod,ExplodingBoy
RachelMyGod,will_llermo
RachelMyGod,utges
RachelMyGod,DanielQuinn
RachelMyGod,jal90
RachelMyGod,migblah
RachelMyGod,Ninotchka
RachelMyGod,Lobo_Lopez
RachelMyGod,fleming22
RachelMyGod,jasikedevicius
RachelMyGod,Colmener
RachelMyGod,aixa72
jal90,Juanky97
jal90,Bracero
jal90,xzetaprobe
jal90,Marcos_M_Rom
jal90,genzai_2
jal90,gorkalonso1
jal90,DanielQuinn
jal90,Simonsds
jal90,ezequiel2517
jal90,Jarsito
jal90,Lobo_Lopez
jal90,Paula_Arantzazu
jal90,Borinot
jal90,paloma55
jal90,Filmandera
jal90,Pauixitador
jal90,utges
jal90,Vareludo
jal90,ExplodingBoy
jal90,Colmener
jal90,figmare
jal90,jjm_24
jal90,MabuseCaligari
jal90,guillehormigo
jal90,jasikedevicius
jal90,Mann_Ohne_Namen
jal90,MarioIglesias
jal90,Batty
jal90,fleming22
jal90,RachelMyGod
jal90,aixa72
jal90,Ninotchka
Ninotchka,alonsodvt
Ninotchka,MabuseCaligari
Ninotchka,gorkalonso1
Ninotchka,Bracero
Ninotchka,Dr_Akkar
Ninotchka,figmare
Ninotchka,HugoRomero
Ninotchka,genzai_2
Ninotchka,Simonsds
Ninotchka,utges
Ninotchka,Jorgemz
Ninotchka,guillehormigo
Ninotchka,ezequiel2517
Ninotchka,bergmantonioni
Ninotchka,paloma55
Ninotchka,Vareludo
Ninotchka,Pauixitador
Ninotchka,jjm_24
Ninotchka,Lobo_Lopez
Ninotchka,Mann_Ohne_Namen
Ninotchka,Batty
Ninotchka,Colmener
Ninotchka,will_llermo
Ninotchka,pele_alvaro
Ninotchka,A_de_la_Hoz
Ninotchka,DanielQuinn
Ninotchka,synthemesco
Ninotchka,aixa72
Ninotchka,ExplodingBoy
Ninotchka,jasikedevicius
Ninotchka,jal90
Ninotchka,fleming22
Ninotchka,RachelMyGod
Bracero,Marcos_M_Rom
Bracero,gorkalonso1
Bracero,jal90
Bracero,genzai_2
Bracero,luisru
Bracero,jjm_24
Bracero,Borinot
Bracero,Filmandera
Bracero,A_de_la_Hoz
Bracero,figmare
Bracero,Colmener
Bracero,Ninotchka
genzai_2,Jorgemz
genzai_2,Vareludo
genzai_2,alonsodvt
genzai_2,luisru
genzai_2,Jarsito
genzai_2,utges
genzai_2,Mann_Ohne_Namen
genzai_2,Bracero
genzai_2,will_llermo
genzai_2,Batty
genzai_2,DanielQuinn
genzai_2,guillehormigo
migblah,eljpax
migblah,Marcos_M_Rom
migblah,figmare
migblah,Dr_Akkar
migblah,genzai_2
migblah,paloma55
migblah,Jorgemz
migblah,Juanky97
migblah,jjm_24
migblah,MabuseCaligari
migblah,bergmantonioni
migblah,Pauixitador
migblah,marioquema
migblah,alonsodvt
migblah,ezequiel2517
migblah,Simonsds
migblah,Vareludo
migblah,guillehormigo
migblah,pele_alvaro
migblah,A_de_la_Hoz
migblah,Batty
migblah,utges
migblah,Colmener
migblah,Ninotchka
migblah,DanielQuinn
migblah,aixa72
migblah,jal90
migblah,will_llermo
migblah,RachelMyGod
migblah,Lobo_Lopez
Filmandera,jjm_24
Filmandera,Bracero
Filmandera,Paula_Arantzazu
Filmandera,figmare
Filmandera,gorkalonso1
Filmandera,Borinot
Filmandera,Simonsds
Filmandera,MabuseCaligari
Filmandera,jal90
Filmandera,paloma55
Filmandera,ezequiel2517
Batty,MarialeBernedo
Batty,alonsodvt
Batty,MabuseCaligari
Batty,HugoRomero
Batty,Borinot
Batty,will_llermo
Batty,Juanky97
Batty,Pauixitador
Batty,Dr_Akkar
Batty,xzetaprobe
Batty,Vareludo
Batty,genzai_2
Batty,Simonsds
Batty,RachelMyGod
Batty,Jorgemz
Batty,Mann_Ohne_Namen
Batty,DanielQuinn
Batty,ezequiel2517
Batty,bergmantonioni
Batty,figmare
Batty,Lobo_Lopez
Batty,Ninotchka
Batty,utges
Batty,ExplodingBoy
Batty,jjm_24
Batty,pele_alvaro
Batty,paloma55
Batty,aixa72
Batty,jal90
Batty,Colmener
Batty,Jarsito
