url_peli,Title,Year,tmdb_type,tmdb_id
/film/entranced-earth/,Entranced Earth,1967,movie,67062.0
/film/el/,Él,1953,movie,43344.0
/film/enamorada/,Enamorada,1946,movie,115301.0
/film/beyond-oblivion/,Beyond Oblivion,1956,movie,335486.0
/film/the-exterminating-angel/,The Exterminating Angel,1962,movie,29264.0
/film/one-way-or-another-1975/,One Way or Another,1975,movie,162505.0
/film/memories-of-underdevelopment/,Memories of Underdevelopment,1968,movie,47576.0
/film/extraordinary-stories/,Extraordinary Stories,2008,movie,111188.0
/film/limite/,Limite,1931,movie,8353.0
/film/the-young-and-the-damned/,The Young and the Damned,1950,movie,800.0
/film/autumn-days-1963/,Autumn Days,1963,movie,342590.0
/film/twenty-years-later/,Twenty Years Later,1984,movie,86320.0
/film/trenque-lauquen/,Trenque Lauquen,2022,movie,715742.0
/film/araya/,Araya,1959,movie,89688.0
/film/la-flor/,La Flor,2018,movie,423778.0
/film/one-hundred-children-waiting-for-a-train/,One Hundred Children Waiting for a Train,1988,movie,130269.0
/film/death-of-a-bureaucrat/,Death of a Bureaucrat,1966,movie,43778.0
/film/the-criminal-life-of-archibaldo-de-la-cruz/,The Criminal Life of Archibaldo de la Cruz,1955,movie,37628.0
/film/invasion-1969/,Invasion,1969,movie,163924.0
/film/juan-as-if-nothing-ever-happened/,Juan: As If Nothing Ever Happened,1987,movie,427387.0
/film/la-cienaga/,La Ciénaga,2001,movie,58429.0
/film/rosaura-at-10-oclock/,Rosaura at 10 O'Clock,1958,movie,128489.0
/film/nazarin/,Nazarín,1959,movie,35124.0
/film/the-romance-of-aniceto-and-francisca/,The Romance of Aniceto and Francisca,1967,movie,214487.0
/film/chronicle-of-a-boy-alone/,Chronicle of a Boy Alone,1965,movie,47142.0
/film/pueblerina/,Pueblerina,1949,movie,116588.0
/film/the-age-of-the-earth/,The Age of the Earth,1980,movie,76816.0
/film/the-hour-of-the-furnaces/,The Hour of the Furnaces,1968,movie,89681.0
/film/city-of-god/,City of God,2002,movie,598.0
/film/pure-blood-1982/,Pure Blood,1982,movie,134245.0
/film/rio-northern-zone/,"Rio, Northern Zone",1957,movie,146904.0
/film/the-secret-in-their-eyes/,The Secret in Their Eyes,2009,movie,25376.0
/film/amores-perros/,Amores Perros,2000,movie,55.0
/film/macario/,Macario,1960,movie,122019.0
/film/black-wind/,Black Wind,1965,movie,240628.0
/film/movie-dementia/,Movie Dementia,1986,movie,167468.0
/film/the-battle-of-chile-part-i/,The Battle of Chile: Part I,1975,movie,132144.0
/film/black-god-white-devil/,"Black God, White Devil",1964,movie,67612.0
/film/metal-and-melancholy/,Metal and Melancholy,1994,movie,216095.0
/film/another-dawn-1943/,Another Dawn,1943,movie,118011.0
/film/mirage-1972/,Mirage,1972,movie,267676.0
/film/the-skeleton-of-mrs-morales/,The Skeleton of Mrs. Morales,1960,movie,118007.0
/film/jauja/,Jauja,2014,movie,266031.0
/film/now/,Now!,1965,movie,145762.0
/film/my-son-the-hero-1961/,"My Son, the Hero",1961,movie,116986.0
/film/the-terrace-1963/,The Terrace,1963,movie,202541.0
/film/a-place-in-the-world/,A Place in the World,1992,movie,32635.0
/film/rio-100-degrees-f/,"Rio, 100 Degrees F°",1955,movie,146075.0
/film/santa-sangre/,Santa Sangre,1989,movie,19236.0
/film/shark-hunters/,Shark Hunters,1963,movie,118010.0
/film/the-bitter-stems/,The Bitter Stems,1956,movie,185250.0
/film/passacaglia-and-fugue/,Passacaglia and Fugue,1975,movie,400331.0
/film/arabian-coffee/,Arabian Coffee,1968,movie,262024.0
/film/nine-queens/,Nine Queens,2000,movie,18079.0
/film/two-monks/,Two Monks,1934,movie,170296.0
/film/the-boy-and-the-wind/,The Boy and the Wind,1967,movie,258109.0
/film/the-holy-girl/,The Holy Girl,2004,movie,44413.0
/film/the-circus-cavalcade/,The Circus Cavalcade,1945,movie,335279.0
/film/arroz-con-leche/,Arroz con leche,1950,movie,403297.0
/film/silvia-prieto/,Silvia Prieto,1999,movie,49984.0
/film/aventurera/,Aventurera,1950,movie,114896.0
/film/if-i-should-die-before-i-wake-1952/,If I Should Die Before I Wake,1952,movie,30909.0
/film/pinochets-women/,Pinochet's Women,2005,movie,485050.0
/film/the-margin/,The Margin,1967,movie,183678.0
/film/a-family-like-many-others/,A Family Like Many Others,1949,movie,115107.0
/film/embrace-of-the-serpent/,Embrace of the Serpent,2015,movie,336808.0
/film/wild-tales/,Wild Tales,2014,movie,265195.0
/film/the-official-story/,The Official Story,1985,movie,29263.0
/film/buccaneer-soul/,Buccaneer Soul,1993,movie,183023.0
/film/fake-blonde/,Fake Blonde,2007,movie,169497.0
/film/our-land-2025-1/,Our Land,2025,movie,661603.0
/film/the-guns/,The Guns,1964,movie,194853.0
/film/isabelita/,Isabelita,1940,movie,485068.0
/film/edad-dificil/,Edad difícil,1956,movie,486027.0
/film/the-battle-of-chile-part-ii/,The Battle of Chile: Part II,1976,movie,1752899.0
/film/memoria-2021/,Memoria,2021,movie,511819.0
/film/the-other-1946/,The Other,1946,movie,119806.0
/film/que-viva-mexico/,¡Qué Viva México!,1979,movie,63107.0
/film/anhell69/,Anhell69,2022,movie,1004598.0
/film/el-topo/,El Topo,1970,movie,13041.0
/film/the-holy-mountain/,The Holy Mountain,1973,movie,8327.0
/film/the-net-1953-1/,The Net,1953,movie,199481.0
/film/the-vampires-of-poverty/,The Vampires of Poverty,1977,movie,129075.0
/film/victims-of-sin/,Victims of Sin,1951,movie,118009.0
/film/the-beginning-and-the-end/,The Beginning and the End,1993,movie,133757.0
/film/habeas-corpus-1986/,Habeas Corpus,1986,movie,364940.0
/film/the-south/,The South,1988,movie,46770.0
/film/spelling-love/,Spelling Love,1984,movie,528337.0
/film/the-passion-of-berenice/,The Passion of Berenice,1976,movie,120297.0
/film/the-red-light-bandit/,The Red Light Bandit,1968,movie,186738.0
/film/time-to-die-1966/,Time to Die,1966,movie,246749.0
/film/calle-santa-fe/,Calle Santa Fe,2007,movie,49765.0
/film/no-way-spider/,"No Way, Spider",1970,movie,186735.0
/film/anacrusa-1979/,Anacrusa,1979,movie,584998.0
/film/gueros/,Güeros,2014,movie,256057.0
/film/boy-the-world/,Boy & the World,2013,movie,223706.0
/film/deep-crimson/,Deep Crimson,1996,movie,47007.0
/film/never-open-that-door/,Never Open That Door,1952,movie,252695.0
/film/brief-heaven/,Brief Heaven,1969,movie,335489.0
/film/dreams-of-ice/,Dreams of Ice,1994,movie,438793.0
/film/in-the-palm-of-your-hand/,In the Palm of Your Hand,1951,movie,240585.0
/film/post-tenebras-lux/,Post Tenebras Lux,2012,movie,103689.0
/film/women-who-work/,Women Who Work,1938,movie,427803.0
/film/zama/,Zama,2017,movie,326382.0
/film/japon/,Japón,2002,movie,36211.0
/film/litoral-2008/,Litoral,2008,tv,43472.0
/film/little-white-dove/,Little White Dove,1992,movie,238268.0
/film/mexican-bus-ride/,Mexican Bus Ride,1952,movie,44804.0
/film/crosses-over-the-wasteland/,Crosses Over the Wasteland,1967,movie,169381.0
/film/the-delinquents-2023/,The Delinquents,2023,movie,714889.0
/film/altiplano-2018/,Altiplano,2018,movie,521074.0
/film/blood-of-the-condor/,Blood of the Condor,1969,movie,157319.0
/film/rough-gang/,Rough Gang,1933,movie,188346.0
/film/whisky/,Whisky,2004,movie,36971.0
/film/johnny-chicano/,Johnny Chicano,1981,movie,674115.0
/film/los-muertos-2004/,Los Muertos,2004,movie,36241.0
/film/sentimental-education-2013/,Sentimental Education,2013,movie,225836.0
/film/the-dependent/,The Dependent,1969,movie,36785.0
/film/the-last-supper-1976/,The Last Supper,1976,movie,47113.0
/film/valparaiso-1963/,Valparaiso,1963,movie,79423.0
/film/i-am-cuba/,I Am Cuba,1964,movie,32015.0
/film/simon-of-the-desert/,Simon of the Desert,1965,movie,36265.0
/film/terminal-young/,Terminal Young,2023,movie,1110738.0
/film/the-secret-agent-2025/,The Secret Agent,2025,movie,1220564.0
/film/a-dios/,A-Dios,1989,movie,399676.0
/film/bacurau/,Bacurau,2019,movie,446159.0
/film/strawberry-and-chocolate/,Strawberry and Chocolate,1993,movie,12527.0
/film/the-beast-must-die-1952/,The Beast Must Die,1952,movie,421101.0
/film/the-turning-wind/,The Turning Wind,1962,movie,66184.0
/film/the-wolf-house/,The Wolf House,2018,movie,499537.0
/film/time-for-revenge/,Time for Revenge,1981,movie,43428.0
/film/intimidad-de-los-parques/,Intimidad de los parques,1965,movie,506679.0
/film/lucia/,Lucía,1968,movie,88591.0
/film/martin-hache/,Martin (Hache),1997,movie,43429.0
/film/neruda-2016/,Neruda,2016,movie,351454.0
/film/poison-for-the-fairies/,Poison for the Fairies,1986,movie,28968.0
/film/the-house-of-the-angel/,The House of the Angel,1957,movie,199194.0
/film/wild-flower-1943/,Wild Flower,1943,movie,120295.0
/film/womens-things/,Women's Things,1979,movie,677454.0
/film/back-to-stay/,Back to Stay,2011,movie,85544.0
/film/nostalgia-for-the-light/,Nostalgia for the Light,2010,movie,72721.0
/film/the-mole-agent/,The Mole Agent,2020,movie,653756.0
/film/camila/,Camila,1984,movie,42085.0
/film/copacabana-mon-amour/,Copacabana Mon Amour,1970,movie,192568.0
/film/dark-river-1952/,Dark River,1952,movie,318591.0
/film/la-calesita/,La calesita,1963,movie,455971.0
/film/playing/,Playing,2007,movie,86321.0
/film/prisoners-of-the-land/,Prisoners of the Land,1939,movie,335367.0
/film/silent-light/,Silent Light,2007,movie,2012.0
/film/soledads-shawl/,Soledad's Shawl,1952,movie,284114.0
/film/stolen-heaven-1951/,Stolen Heaven,1951,movie,529286.0
/film/three-sad-tigers/,Three Sad Tigers,1968,movie,122097.0
/film/viola/,Viola,2012,movie,128237.0
/film/y-tu-mama-tambien/,Y Tu Mamá También,2001,movie,1391.0
/film/luzs-motives/,Luz's Motives,1985,movie,240592.0
/film/the-secret-formula/,The Secret Formula,1965,movie,151545.0
/film/the-shadow-of-the-tyrant/,The Shadow of the Tyrant,1960,movie,120298.0
/film/aquarius/,Aquarius,2016,movie,377273.0
/film/serpents-of-the-pirate-moon/,Serpents of the Pirate Moon,1973,movie,422475.0
/film/about-thirty/,About Thirty,2023,movie,1074751.0
/film/barren-lives/,Barren Lives,1963,movie,836.0
/film/come-out/,Come Out,1971,movie,399670.0
/film/desde-la-habana-1969-recordar/,Desde la Habana ¡1969! Recordar,1969,movie,485045.0
/film/dialogues-of-the-exiles/,Dialogues of the Exiles,1975,movie,258563.0
/film/duelo-en-las-montanas/,Duelo en las montañas,1950,movie,326678.0
/film/hermia-helena/,Hermia & Helena,2016,movie,377279.0
/film/in-the-intense-now/,In the Intense Now,2017,movie,441498.0
/film/la-libertad/,La libertad,2001,movie,94649.0
/film/light-in-the-tropics/,Light in the Tropics,2020,movie,665406.0
/film/madagascar-1995/,Madagascar,1995,movie,389430.0
/film/rebellion-in-patagonia/,Rebellion in Patagonia,1974,movie,64978.0
/film/roma-2018/,Roma,2018,movie,426426.0
/film/suite-habana/,Suite Habana,2003,movie,85645.0
/film/the-dark-side-of-the-heart/,The Dark Side of the Heart,1992,movie,74938.0
/film/the-green-wall/,The Green Wall,1970,movie,106887.0
/film/the-idea-of-a-lake/,The Idea of a Lake,2016,movie,408198.0
/film/the-night-is-fading-away/,The Night Is Fading Away,2025,movie,1554544.0
/film/the-option/,The Option,1981,movie,142846.0
/film/the-secret-nation/,The Secret Nation,1989,movie,145504.0
/film/wuthering-heights-1954/,Wuthering Heights,1954,movie,43328.0
/film/alla-en-el-rancho-grande/,Allá en el Rancho Grande,1936,movie,240633
/film/anselmo/,Anselmo,1967,movie,396623.0
/film/casa-particular/,Casa Particular,1990,movie,747050.0
/film/cosas-de-mi-vida/,Cosas de mi vida,1976,movie,396624.0
/film/eternity-2017/,Eternity,2017,movie,511425.0
/film/fernando-has-returned/,Fernando has Returned,1998,movie,347356.0
/film/greatest-hits/,Greatest Hits,2012,movie,142158.0
/film/invisible-life/,Invisible Life,2019,movie,548544.0
/film/machuca/,Machuca,2004,movie,12086.0
/film/silent-witnesses-2023/,Silent Witnesses,2023,movie,1064488.0
/film/the-abandoned-1945/,The Abandoned,1945,movie,123703.0
/film/the-dance-of-reality/,The Dance of Reality,2013,movie,137698.0
/film/the-deceased/,The Deceased,1965,movie,258521.0
/film/the-given-word/,The Given Word,1962,movie,59990.0
/film/the-motorcycle-diaries/,The Motorcycle Diaries,2004,movie,1653.0
/film/the-place-without-limits/,The Place Without Limits,1978,movie,77360.0
/film/the-unloved-woman/,The Unloved Woman,1949,movie,3437.0
/film/the-wick-2003/,The Wick,2003,movie,251888.0
/film/this-night-ill-possess-your-corpse/,This Night I'll Possess Your Corpse,1967,movie,30914.0
/film/untouched-1954/,Untouched,1954,movie,176923.0
/film/a-letter-of-love/,A Letter of Love,1943,movie,115011.0
/film/alucarda/,Alucarda,1977,movie,40074.0
/film/and-so-it-is/,And So It Is,1966,movie,232866.0
/film/brasil/,Brasil,1981,movie,195919.0
/film/safo-historia-de-una-pasion/,"Safo, historia de una pasión",1943,movie,501905.0
/film/surcos-de-sangre/,Surcos de sangre,1950,movie,446026.0
/film/the-princess-of-france/,The Princess of France,2014,movie,284870.0
/film/que-vivan-los-crotos/,¡Que vivan los crotos!,1990,movie,379044.0
/film/antonio-one-two-three/,Antonio One Two Three,2017,movie,434468.0
/film/bitter-cane/,Bitter Cane,1983,movie,970138.0
/film/bordando-la-frontera/,Bordando la frontera,1986,movie,963040
/film/chuquiago/,Chuquiago,1977,movie,317328.0
/film/communique-from-argentina/,Communiqué From Argentina,1978,movie,1410782.0
/film/cronos/,Cronos,1992,movie,11655.0
/film/endless-poetry/,Endless Poetry,2016,movie,325385.0
/film/god-bless-you/,God Bless You,1948,movie,188353.0
/film/guanabacoa-chronicle-of-my-family/,Guanabacoa: Chronicle of My Family,1966,movie,593186.0
/film/im-still-here-2024/,I'm Still Here,2024,movie,1000837.0
/film/identifying-features/,Identifying Features,2020,movie,653658.0
/film/killed-the-family-and-went-to-the-movies-1969/,Killed the Family and Went to the Movies,1969,movie,175125.0
/film/longitud-de-guerra/,Longitud de Guerra,1976,movie,341323.0
/film/mata-atlantica/,Mata Atlântica,2016,movie,420213.0
/film/miss-mary/,Miss Mary,1986,movie,241603.0
/film/neighboring-sounds/,Neighboring Sounds,2012,movie,97989.0
/film/orpheus-and-eurydice-1976/,Orpheus and Eurydice,1976,movie,1183426.0
/film/pixote/,Pixote,1980,movie,42148
/film/puchuncavi/,Puchuncaví,2014,movie,475786.0
/film/spectrum-restoration/,Spectrum Restoration,2022,movie,1001615.0
/film/stories-of-the-revolution/,Stories of the Revolution,1960,movie,215277.0
/film/story-of-a-great-love/,Story of a Great Love,1942,movie,240637
/film/teat-monteok-the-tale-of-the-god-of-lightning/,Teat Monteok: The Tale of the God of Lightning,1985,movie,833029.0
/film/the-enemy-blood/,The Enemy Blood,1971,movie,372095.0
/film/the-hand-in-the-trap/,The Hand in the Trap,1961,movie,121461.0
/film/the-heiresses/,The Heiresses,2018,movie,499152.0
/film/the-man-from-maisinicu/,The Man from Maisinicu,1973,movie,284366.0
/film/the-mouth-of-the-wolf-1988/,The Mouth of the Wolf,1988,movie,53123.0
/film/the-reasons-of-the-heart/,The Reasons of the Heart,2011,movie,85459.0
/film/the-rose-seller/,The Rose Seller,1998,movie,97038
/film/thresholds/,Thresholds,1980,movie,364167.0
/film/tlayucan/,Tlayucan,1962,movie,194163.0
/film/to-each-his-own-life/,To Each His Own Life,1960,movie,362015.0
/film/valentin-de-las-sierras/,Valentin de las Sierras,1968,movie,128285.0
/film/yanco/,Yanco,1961,movie,255576.0
/film/brazil-is-thee-haiti-is-there/,brazil is thee haiti is (t)here,2020,movie,739076.0
/film/sao-paulo-incorporated/,"São Paulo, Incorporated",1965,movie,74360.0
/film/central-station/,Central Station,1998,movie,666.0
/film/hardly-a-criminal/,Hardly a Criminal,1949,movie,252696.0
/film/odd-number/,Odd Number,1962,movie,304796.0
/film/runan-caycu/,Runan Caycu,1973,movie,518660.0
/film/the-circular-scene/,The Circular Scene,1982,movie,334850.0
/film/the-great-movement/,The Great Movement,2021,movie,854572.0
/film/through-the-ruins/,Through the Ruins,1982,movie,330988.0
/film/79-springs/,79 Springs,1969,movie,146346.0
/film/autopsy-of-a-ghost/,Autopsy of a Ghost,1968,movie,27497.0
/film/bang-bang-1971/,Bang Bang,1971,movie,173732.0
/film/chewing-gum-1968/,Chewing Gum,1968,movie,328986.0
/film/colombia-70/,Colombia 70,1970,movie,511976
/film/color-1955/,Color,1955,movie,455878.0
/film/dar-la-cara/,Dar la cara,1962,movie,501916.0
/film/dry-ground-burning/,Dry Ground Burning,2022,movie,928001.0
/film/el-aleph/,El Aleph,2005,movie,399678.0
/film/el-compadre-mendoza/,El compadre Mendoza,1934,movie,114626.0
/film/homework-1991/,Homework,1991,movie,205763.0
/film/i-the-worst-of-all/,"I, the Worst of All",1990,movie,123763.0
/film/julio-begins-in-july/,Julio Begins in July,1979,movie,107426.0
/film/la-choca/,La Choca,1974,movie,370974.0
/film/lets-go-with-pancho-villa/,Let's Go with Pancho Villa!,1936,movie,106266.0
/film/life-sentence-1979/,Life Sentence,1979,movie,116988.0
/film/man-facing-southeast/,Man Facing Southeast,1986,movie,48797.0
/film/maria-candelaria/,Maria Candelaria,1944,movie,60225.0
/film/nazareno-cruz-and-the-wolf/,Nazareno Cruz and the Wolf,1975,movie,127424.0
/film/night-falls/,Night Falls,1952,movie,194176.0
/film/no-es-por-gusto/,No es por gusto,1981,movie,678040.0
/film/nobodys-wife/,Nobody's Wife,1982,movie,127022.0
/film/o-canto-da-saudade/,O Canto da Saudade,1952,movie,194698.0
/film/on-the-empty-balcony/,On the Empty Balcony,1961,movie,291505.0
/film/our-voice-of-earth-memory-and-future/,"Our Voice of Earth, Memory and Future",1982,movie,272685.0
/film/p3nd3jo5/,P3nd3jo5,2013,movie,242143.0
/film/paula-contra-la-mitad-mas-uno/,Paula contra la mitad más uno,1971,movie,614057.0
/film/rodrigo-d-no-future/,Rodrigo D. No Future,1990,movie,177579.0
/film/seen-not-seen/,"Seen, Not Seen",2013,movie,233941.0
/film/son-of-the-bride/,Son of the Bride,2001,movie,19460.0
/film/sao-paulo-a-metropolitan-symphony/,"São Paulo, a Metropolitan Symphony",1929,movie,190079.0
/film/the-aura/,The Aura,2005,movie,13653.0
/film/the-barracks-1945/,The Barracks,1945,movie,194154.0
/film/the-battle-of-chile-part-iii/,The Battle of Chile: Part III,1979,movie,132150.0
/film/the-blonds/,The Blonds,2003,movie,193302.0
/film/the-brute/,The Brute,1953,movie,42502.0
/film/the-currents/,The Currents,2025,movie,1031084.0
/film/the-first-charge-of-the-machete/,The First Charge of the Machete,1969,movie,264972.0
/film/the-headless-woman/,The Headless Woman,2008,movie,8898.0
/film/the-mansion-of-madness/,The Mansion of Madness,1973,movie,95551.0
/film/the-moon-in-the-mirror/,The Moon in the Mirror,1990,movie,110933.0
/film/the-strong-ones/,The Strong Ones,2019,movie,637860.0
/film/the-unscrupulous-ones/,The Unscrupulous Ones,1962,movie,28525.0
/film/the-wave-1936/,The Wave,1936,movie,195522
/film/the-way-he-looks/,The Way He Looks,2014,movie,237791.0
/film/the-white-rose-1961/,The White Rose,1961,movie,344763.0
/film/to-the-left-of-the-father/,To the Left of the Father,2001,movie,60141
/film/twilight-1945/,Twilight,1945,movie,298275.0
/film/vadi-samvadi/,Vadi-Samvadi,1981,movie,475607.0
/film/la-cucaracha-1959/,La Cucaracha,1959,movie,102634.0
/film/memoirs-of-a-strangler-of-blondes/,Memoirs of a Strangler of Blondes,1971,movie,249556.0
/film/the-sun-quartet/,The Sun Quartet,2017,movie,554128.0
/film/the-untamed/,The Untamed,2016,movie,387801.0
/film/a-useful-life/,A Useful Life,2010,movie,81523.0
/film/a-la-sombra-del-sol/,A la sombra del sol,1974,movie,422763.0
/film/antonio-das-mortes/,Antonio das Mortes,1969,movie,74349
/film/argentina-1985/,Argentina 1985,2022,movie,714888.0
/film/assault-on-the-pay-train/,Assault on the Pay Train,1962,movie,86379.0
/film/black-pit-of-dr-m/,Black Pit of Dr. M,1959,movie,101745.0
/film/bolivar-a-tropical-symphony/,"Bolívar, a Tropical Symphony",1979,movie,218841
/film/castle-of-purity/,Castle of Purity,1972,movie,47582.0
/film/crane-world/,Crane World,1999,movie,101338.0
/film/dark-angel-1942/,Dark Angel,1942,movie,295230.0
/film/di-cavalcanti-di-glauber/,Di Cavalcanti Di Glauber,1977,movie,74364.0
/film/dont-you-let-me-go/,Don't You Let Me Go,2024,movie,1275987.0
/film/dona-barbara/,Doña Bárbara,1943,movie,154629.0
/film/elite-squad/,Elite Squad,2007,movie,7347.0
/film/elite-squad-the-enemy-within/,Elite Squad: The Enemy Within,2010,movie,47931.0
/film/escala-en-la-ciudad/,Escala en la ciudad,1935,movie,403705.0
/film/hanoi-tuesday-13th/,"Hanoi, Tuesday 13th",1968,movie,151490.0
/film/hidden-river-1948/,Hidden River,1948,movie,119793
/film/history-of-brazil/,History of Brazil,1974,movie,74367.0
/film/improper-conduct/,Improper Conduct,1984,movie,211835.0
/film/inca-de-oro/,Inca de Oro,1996,movie,707921.0
/film/jackal-of-nahueltoro/,Jackal of Nahueltoro,1969,movie,72855.0
/film/juan-moreira/,Juan Moreira,1973,movie,127467
/film/kukuli/,Kukuli,1961,movie,257604.0
/film/kuntur-wachana/,Kuntur Wachana,1977,movie,468165
/film/la-cocina-2024/,La Cocina,2024,movie,966238.0
/film/la-ausencia-1968/,La ausencia,1968,movie,1049413.0
/film/las-piranas/,Las pirañas,1967,movie,252548.0
/film/lightning-dance/,Lightning Dance,2018,movie,697838.0
/film/maria-of-my-heart/,Maria of My Heart,1979,movie,194170.0
/film/pachamama-our-land/,Pachamama: Our Land,1995,movie,232525.0
/film/pistol-duel/,Pistol Duel,1896,movie,193804.0
/film/popsicles/,Popsicles,1984,movie,490439.0
/film/retratos-de-identificacao/,Retratos de Identificação,2014,movie,374552.0
/film/revolution-1963/,Revolution,1963,movie,345188
/film/robinson-crusoe-island/,Robinson Crusoe Island,1999,movie,132153.0
/film/satanic-pandemonium/,Satanic Pandemonium,1975,movie,57084.0
/film/sea-of-roses/,Sea of Roses,1977,movie,236310.0
/film/the-angel-was-born/,The Angel Was Born,1969,movie,86238.0
/film/the-bricklayers/,The Bricklayers,1976,movie,263815
/film/the-club-2015/,The Club,2015,movie,319995.0
/film/the-giant-of-america/,The Giant of America,1980,movie,216597
/film/the-human-surge/,The Human Surge,2016,movie,405446.0
/film/the-naked-angel/,The Naked Angel,1946,movie,290968.0
/film/the-prince-of-nanawa/,The Prince of Nanawa,2025,movie,808224.0
/film/the-realm-of-fortune/,The Realm of Fortune,1986,movie,268641.0
/film/the-sidewalks-of-saturn/,The Sidewalks of Saturn,1986,movie,299152.0
/film/the-strategy-of-the-snail/,The Strategy of the Snail,1993,movie,10000.0
/film/the-survivors-1979/,The Survivors,1979,movie,106180.0
/film/the-trial-2023/,The Trial,2023,movie,1063595.0
/film/the-witchs-mirror/,The Witch's Mirror,1962,movie,42993.0
/film/traveller-1998/,Traveller,1998,movie,180662
/film/totem-2023/,Tótem,2023,movie,958186
/film/undertow-2009/,Undertow,2009,movie,52799.0
/film/valparaiso-my-love/,Valparaiso My Love,1969,movie,73858.0
/film/ventana/,Ventana,1975,movie,346991.0
/film/voto-fusil/,Voto + Fusil,1971,movie,360678.0
/film/7-boxes/,7 Boxes,2012,movie,127847.0
/film/a-farewell-to-memory/,A Farewell to Memory,2020,movie,763673.0
/film/a-poet/,A Poet,2025,movie,1465563.0
/film/a-stranger-on-the-stairs/,A Stranger on the Stairs,1955,movie,199430.0
/film/ana-and-the-others/,Ana and the Others,2003,movie,48596.0
/film/aniceto/,Aniceto,2008,movie,72776.0
/film/bonsai/,Bonsai,2011,movie,85543.0
/film/buena-vista-social-club/,Buena Vista Social Club,1999,movie,11779.0
/film/carnaval-atlantida/,Carnaval Atlântida,1952,movie,194728.0
/film/common-ground-2002/,Common Ground,2002,movie,32546.0
/film/confessing-to-laura/,Confessing to Laura,1990,movie,156460.0
/film/crystal-eyes/,Crystal Eyes,2017,movie,488604.0
/film/death-in-buenos-aires/,Death in Buenos Aires,2014,movie,296778.0
/film/dieciseis-anos/,Dieciséis años,1943,movie,334055.0
/film/elena-2013/,Elena,2012,movie,160859.0
/film/enough-praying/,Enough Praying,1972,movie,392459.0
/film/from-afar/,From Afar,2015,movie,352162.0
/film/fuego/,Fuego,1969,movie,50966
/film/i-am-not-your-negro/,I Am Not Your Negro,2016,movie,411019.0
/film/i-am-a-son-of-america/,I Am a Son of America,1972,movie,283021.0
/film/im-going-to-santiago/,I'm Going to Santiago,1964,movie,262028.0
/film/iracema/,Iracema,1975,movie,116146.0
/film/kiss-of-the-spider-woman/,Kiss of the Spider Woman,1985,movie,11703
/film/la-fe-del-volcan/,La fe del volcán,2001,movie,481173.0
/film/life-is-to-whistle/,Life Is to Whistle,1998,movie,112942.0
/film/liverpool/,Liverpool,2008,movie,101006.0
/film/manuela-1966/,Manuela,1966,movie,467889.0
/film/museo/,Museo,2018,movie,477654.0
/film/national-mechanics/,National Mechanics,1972,movie,186066.0
/film/on-the-other-island/,On the Other Island,1968,movie,422031.0
/film/paulina/,Paulina,2015,movie,336664.0
/film/pinochet-and-his-three-generals/,Pinochet and His Three Generals,2004,movie,762770.0
/film/reina-y-rey/,Reina y Rey,1994,movie,671760.0
/film/retablo/,Retablo,2017,movie,499394.0
/film/return-to-the-nest/,Return to the Nest,1938,movie,335366.0
/film/seven-years-in-may/,Seven Years in May,2019,movie,594342.0
/film/surely-bach-closed-the-door-when-he-wanted/,Surely Bach Closed the Door When He Wanted to Work,1979,movie,1515682
/film/susana-1951/,Susana,1951,movie,44655.0
/film/tango-1998/,Tango,1998,movie,65749.0
/film/the-amulet-of-ogum/,The Amulet of Ogum,1974,movie,86234.0
/film/the-apostate-2015/,The Apostate,2015,movie,351097.0
/film/the-courage-of-the-people/,The Courage of the People,1971,movie,255797.0
/film/the-daughters-of-fire/,The Daughters of Fire,2018,movie,518997.0
/film/the-golden-cockerel/,The Golden Cockerel,1964,movie,194157.0
/film/the-heights-of-cumanday/,The Heights of Cumanday,1965,movie,222223.0
/film/the-house-at-the-end-of-time/,The House at the End of Time,2013,movie,207686.0
/film/the-long-night-of-francisco-sanctis/,The Long Night of Francisco Sanctis,2016,movie,392809.0
/film/the-mandarin-1995/,The Mandarin,1995,movie,229884.0
/film/the-milk-of-sorrow/,The Milk of Sorrow,2009,movie,28644.0
/film/the-night-2016/,The Night,2016,movie,413667.0
/film/the-poulterer-hawk/,The Poulterer Hawk,1951,movie,324146.0
/film/the-sand-dune-1955/,The Sand Dune,1955,movie,285149.0
/film/the-sugar-curtain/,The Sugar Curtain,2005,movie,130458.0
/film/the-tiger-leaps-and-kills-but-it-will-die-it-will-die/,"The Tiger Leaps and Kills, But It Will Die... It Will Die...",1973,movie,255937.0
/film/the-woman-who-invented-love/,The Woman Who Invented Love,1980,movie,195015.0
/film/tigers-are-not-afraid/,Tigers Are Not Afraid,2017,movie,349067
/film/toponymy/,Toponymy,2015,movie,348022.0
/film/under-the-flags-the-sun/,"Under the Flags, the Sun",2025,movie,1404184.0
/film/vampires-in-havana/,Vampires in Havana,1985,movie,90063.0
/film/woman-1931/,Woman,1931,movie,376896.0
