Participante,Lista
paloma55,https://boxd.it/Nrnb8
MarioIglesias,https://letterboxd.com/marioiglesias/list/tftlatam/
jasikedevicius,https://boxd.it/VF4M0
MabuseCaligari,https://letterboxd.com/mabusecaligari/list/tftlatam/
ezequiel2517,https://boxd.it/VWOYA
gorkalonso1,https://boxd.it/TWcg8
Mann_Ohne_Namen,https://letterboxd.com/mann_ohne_namen/list/tftlatam/
bergmantonioni,https://letterboxd.com/bergmantonioni/list/tftlatam/
Dr_Akkar,https://boxd.it/WGNig
figmare,https://boxd.it/WIpZE
Lobo_Lopez,https://letterboxd.com/lobo_lopez/list/tftlatinoamerica/
AnaAvellaneda,https://boxd.it/TJSoi
diogoserafim,https://letterboxd.com/diogoserafim/list/tft-latam/
aixa72,https://letterboxd.com/aixa72/list/tftlatam/
MarialeBernedo,https://boxd.it/WO7bo
A_de_la_Hoz,https://letterboxd.com/a_de_la_hoz/list/tftlatinoamerica/
jjm_24,https://boxd.it/Nq7OG
eljpax,https://boxd.it/WPQnw
fleming22,https://boxd.it/WRmAk
HugoRomero,https://boxd.it/WRlJK
Jarsito,https://boxd.it/WRDUQ
Colmener,https://boxd.it/TX3Ly
utges,https://boxd.it/WR1Mu
Jorgemz,https://boxd.it/RwSnq
Marcos_M_Rom,https://boxd.it/W4cmY
Borinot,https://boxd.it/TJeRk
synthemesco,https://boxd.it/W2DGW
luisru,https://letterboxd.com/luisru/list/tft-latam/
Pauixitador,https://boxd.it/WVfnc
will_llermo,https://letterboxd.com/will_llermo/list/tftlatinoamerica/
ExplodingBoy,https://boxd.it/WOumE
manuelsanbai,https://boxd.it/WVrno
alonsodvt,https://letterboxd.com/alonsodvt/list/topfilmtuiter-latinoamerica-tftlatam/
xzetaprobe,https://letterboxd.com/xzetaprobe/list/tftlatam/
Mat25,https://boxd.it/WW5Y0
Vareludo,https://boxd.it/WWNra
marioquema,https://letterboxd.com/marioquema/list/tftlatam/
FabioVG,https://boxd.it/THPQO
pele_alvaro,https://boxd.it/UUdmw
guillehormigo,https://boxd.it/Wpnuc
heelena9,https://boxd.it/WWQZ0
AlbertoMilano,https://letterboxd.com/albertomilano/list/tft-latinoamerica/
Paula_Arantzazu,https://boxd.it/TM516
Juanky97,https://letterboxd.com/juanky97/list/tft-latam/
DanielQuinn,https://letterboxd.com/danielquinn/list/tftlatam/
Simonsds,https://boxd.it/TJTum
RachelMyGod,https://letterboxd.com/rachelmygod/list/tftlatam/
jal90,https://letterboxd.com/jal90/list/tftlatam-1/
Ninotchka,https://boxd.it/WuGHE
Bracero,https://boxd.it/WVidk
genzai_2,https://boxd.it/TTQjK
migblah,https://boxd.it/WPTLw
Filmandera,https://boxd.it/WVS9o
Batty,https://boxd.it/WTkgQ
